timestamp,load1,load5,load15,mem_available_kib,swap_free_kib,validation_process_count,validation_tree_rss_mib,docker_running_count
2026-09-17T13:26:09.309142+00:00,6.31,4.68,4.78,61966845,0,1,2.06,2
2026-09-17T13:26:10.405118+00:00,6.31,4.68,4.78,61470349,0,27,813.66,2
2026-09-17T13:26:11.662186+00:00,7.81,5.01,4.89,60871357,0,75,2724.85,2
2026-09-17T13:26:12.847361+00:00,7.81,5.01,4.89,60681750,0,93,2744.66,2
2026-09-17T13:26:15.053213+00:00,7.81,5.01,4.89,60555978,0,133,2955.46,2
2026-09-17T13:26:16.256986+00:00,7.81,5.01,4.89,60615245,0,145,3030.08,2
2026-09-17T13:26:18.924009+00:00,11.03,5.73,5.12,60908709,0,39,1150.7,2
2026-09-17T13:26:21.916451+00:00,11.03,5.73,5.12,61432650,0,37,1130.48,2
2026-09-17T13:26:23.295231+00:00,11.91,6.00,5.21,61338126,0,44,1281.95,2
2026-09-17T13:26:24.418009+00:00,11.91,6.00,5.21,61519140,0,29,928.3,2
2026-09-17T13:26:25.564678+00:00,11.91,6.00,5.21,61554539,0,36,975.45,2
2026-09-17T13:26:27.109822+00:00,11.67,6.05,5.23,61726374,0,25,673.46,2
2026-09-17T13:26:28.447757+00:00,11.67,6.05,5.23,61793676,0,22,573.33,2
2026-09-17T13:26:29.586362+00:00,11.67,6.05,5.23,61813895,0,22,605.4,2
2026-09-17T13:26:30.679334+00:00,11.67,6.05,5.23,61898420,0,26,644.36,2
2026-09-17T13:26:31.818820+00:00,11.22,6.05,5.24,61949321,0,20,487.66,2
2026-09-17T13:26:33.139203+00:00,11.22,6.05,5.24,61902383,0,21,518.64,2
2026-09-17T13:26:34.281167+00:00,11.22,6.05,5.24,61922051,0,24,555.41,2
2026-09-17T13:26:35.449763+00:00,11.22,6.05,5.24,61767625,0,44,804.91,2
2026-09-17T13:26:36.540639+00:00,11.36,6.16,5.28,61822684,0,33,697.77,2
2026-09-17T13:26:37.653213+00:00,11.36,6.16,5.28,61949920,0,30,622.94,2
2026-09-17T13:26:38.752031+00:00,11.36,6.16,5.28,62046446,0,14,284.67,2
2026-09-17T13:26:39.869485+00:00,11.36,6.16,5.28,61975006,0,19,333.08,2
2026-09-17T13:26:41.038572+00:00,11.36,6.16,5.28,61955478,0,18,331.76,2
2026-09-17T13:26:42.128621+00:00,11.41,6.26,5.32,61853132,0,28,568.39,2
2026-09-17T13:26:43.205619+00:00,11.41,6.26,5.32,61794232,0,24,431.43,2
2026-09-17T13:26:44.303163+00:00,11.41,6.26,5.32,61874118,0,9,244.32,2
2026-09-17T13:26:45.431378+00:00,11.41,6.26,5.32,61907419,0,18,368.6,2
2026-09-17T13:26:46.571647+00:00,10.82,6.22,5.31,61965080,0,10,225.62,2
2026-09-17T13:26:47.722015+00:00,10.82,6.22,5.31,62031115,0,11,217.59,2
2026-09-17T13:26:48.860677+00:00,10.82,6.22,5.31,62049407,0,7,140.16,2
2026-09-17T13:26:49.999060+00:00,10.82,6.22,5.31,62047773,0,6,140.16,2
2026-09-17T13:26:51.206609+00:00,10.82,6.22,5.31,61903894,0,7,140.16,2
2026-09-17T13:26:52.459664+00:00,10.59,6.25,5.32,61850880,0,7,197.55,2
2026-09-17T13:26:54.454698+00:00,10.59,6.25,5.32,61423247,0,13,220.28,2
2026-09-17T13:26:55.603896+00:00,10.59,6.25,5.32,61984152,0,10,140.16,2
2026-09-17T13:26:56.771911+00:00,10.30,6.27,5.33,62041826,0,6,140.16,2
2026-09-17T13:26:57.915092+00:00,10.30,6.27,5.33,61952610,0,6,140.16,2
2026-09-17T13:26:59.058218+00:00,10.30,6.27,5.33,62011263,0,6,114.19,2
2026-09-17T13:27:00.169091+00:00,10.30,6.27,5.33,62052164,0,6,100.74,2
2026-09-17T13:27:01.273294+00:00,10.30,6.27,5.33,62063749,0,6,128.54,2
2026-09-17T13:27:02.445461+00:00,10.12,6.29,5.35,61998276,0,18,321.12,2
2026-09-17T13:27:03.543525+00:00,10.12,6.29,5.35,61892315,0,15,309.77,2
2026-09-17T13:27:04.625770+00:00,10.12,6.29,5.35,61925256,0,18,339.09,2
2026-09-17T13:27:05.771198+00:00,10.12,6.29,5.35,62015195,0,10,200.23,2
2026-09-17T13:27:06.918050+00:00,9.39,6.21,5.32,62044021,0,7,129.67,2
2026-09-17T13:27:08.067053+00:00,9.39,6.21,5.32,62047793,0,6,130.42,2
2026-09-17T13:27:09.230083+00:00,9.39,6.21,5.32,62060477,0,6,130.42,2
2026-09-17T13:27:10.422074+00:00,9.39,6.21,5.32,62075269,0,6,130.42,2
2026-09-17T13:27:11.522552+00:00,9.12,6.20,5.33,62105937,0,12,295.79,2
2026-09-17T13:27:12.658307+00:00,9.12,6.20,5.33,62032656,0,18,364.41,2
2026-09-17T13:27:13.842950+00:00,9.12,6.20,5.33,62064821,0,14,288.89,2
2026-09-17T13:27:14.994760+00:00,9.12,6.20,5.33,62076377,0,14,288.89,2
2026-09-17T13:27:16.136826+00:00,9.12,6.20,5.33,62047704,0,18,357.8,2
2026-09-17T13:27:17.317953+00:00,8.79,6.18,5.33,62140402,0,6,131.17,2
2026-09-17T13:27:18.471757+00:00,8.79,6.18,5.33,62094330,0,11,206.39,2
2026-09-17T13:27:19.619422+00:00,8.79,6.18,5.33,62122674,0,10,200.43,2
2026-09-17T13:27:20.763385+00:00,8.79,6.18,5.33,62123671,0,7,183.29,2
2026-09-17T13:27:21.884168+00:00,8.32,6.13,5.31,62072210,0,10,200.51,2
2026-09-17T13:27:23.000471+00:00,8.32,6.13,5.31,61937045,0,10,205.91,2
2026-09-17T13:27:24.122383+00:00,8.32,6.13,5.31,61975866,0,7,178.46,2
2026-09-17T13:27:25.236820+00:00,8.32,6.13,5.31,61957832,0,10,216.28,2
2026-09-17T13:27:26.401900+00:00,8.32,6.13,5.31,62050443,0,7,131.17,2
2026-09-17T13:27:27.539583+00:00,8.14,6.13,5.32,62029694,0,10,196.86,2
2026-09-17T13:27:28.706233+00:00,8.14,6.13,5.32,62016864,0,7,132.29,2
2026-09-17T13:27:29.849075+00:00,8.14,6.13,5.32,62025801,0,7,132.29,2
2026-09-17T13:27:30.997538+00:00,8.14,6.13,5.32,61987104,0,18,345.58,2
2026-09-17T13:27:32.144038+00:00,7.97,6.12,5.32,62096971,0,4,78.34,2
2026-09-17T13:27:33.283248+00:00,7.97,6.12,5.32,62021091,0,6,152.01,2
2026-09-17T13:27:34.432909+00:00,7.97,6.12,5.32,62009181,0,6,148.18,2
2026-09-17T13:27:35.560232+00:00,7.97,6.12,5.32,62019186,0,6,158.12,2
2026-09-17T13:27:36.702096+00:00,7.49,6.06,5.30,62092794,0,6,94.45,2
2026-09-17T13:27:37.846059+00:00,7.49,6.06,5.30,62086621,0,6,93.02,2
2026-09-17T13:27:38.988490+00:00,7.49,6.06,5.30,62087260,0,6,93.11,2
2026-09-17T13:27:40.156683+00:00,7.49,6.06,5.30,62108944,0,6,92.16,2
2026-09-17T13:27:41.325431+00:00,7.49,6.06,5.30,62109195,0,6,92.99,2
2026-09-17T13:27:42.417015+00:00,7.53,6.09,5.32,62096614,0,6,92.21,2
2026-09-17T13:27:43.562235+00:00,7.53,6.09,5.32,62096192,0,6,94.2,2
2026-09-17T13:27:44.730598+00:00,7.53,6.09,5.32,62104550,0,6,92.24,2
2026-09-17T13:27:45.919740+00:00,7.53,6.09,5.32,62107382,0,6,92.61,2
2026-09-17T13:27:47.091960+00:00,7.17,6.04,5.30,62106070,0,6,93.04,2
2026-09-17T13:27:48.286771+00:00,7.17,6.04,5.30,62101467,0,5,84.08,2
2026-09-17T13:27:49.431560+00:00,7.17,6.04,5.30,62107612,0,5,84.06,2
2026-09-17T13:27:50.571919+00:00,7.17,6.04,5.30,62118603,0,6,91.78,2
2026-09-17T13:27:51.704657+00:00,7.15,6.05,5.31,62116280,0,6,92.21,2
2026-09-17T13:27:52.903055+00:00,7.15,6.05,5.31,62087071,0,6,92.73,2
2026-09-17T13:27:54.077595+00:00,7.15,6.05,5.31,62052242,0,5,84.0,2
2026-09-17T13:27:55.224560+00:00,7.15,6.05,5.31,62096318,0,6,92.28,2
2026-09-17T13:27:56.389493+00:00,7.15,6.05,5.31,62193031,0,5,84.84,2
2026-09-17T13:27:57.531032+00:00,7.46,6.14,5.34,62214045,0,6,94.48,2
2026-09-17T13:27:58.685598+00:00,7.46,6.14,5.34,62199008,0,6,92.98,2
2026-09-17T13:27:59.840910+00:00,7.46,6.14,5.34,62202143,0,5,84.86,2
2026-09-17T13:28:00.969296+00:00,7.46,6.14,5.34,62190621,0,6,94.4,2
2026-09-17T13:28:02.082064+00:00,7.74,6.22,5.37,62150629,0,4,82.09,2
2026-09-17T13:28:03.249756+00:00,7.74,6.22,5.37,62154568,0,4,82.09,2
2026-09-17T13:28:04.405510+00:00,7.74,6.22,5.37,62183121,0,5,84.15,2
2026-09-17T13:28:05.551335+00:00,7.74,6.22,5.37,62200327,0,6,94.57,2
2026-09-17T13:28:06.680120+00:00,7.52,6.20,5.37,62200055,0,6,92.96,2
2026-09-17T13:28:07.827155+00:00,7.52,6.20,5.37,62154632,0,4,82.47,2
2026-09-17T13:28:08.981978+00:00,7.52,6.20,5.37,62118810,0,6,94.88,2
2026-09-17T13:28:10.095879+00:00,7.52,6.20,5.37,62091014,0,8,107.71,2
2026-09-17T13:28:11.286240+00:00,7.52,6.20,5.37,62117684,0,6,85.98,2
2026-09-17T13:28:12.425159+00:00,7.24,6.16,5.36,62120110,0,4,82.47,2
2026-09-17T13:28:13.517132+00:00,7.24,6.16,5.36,62103950,0,6,119.19,2
2026-09-17T13:28:14.653631+00:00,7.24,6.16,5.36,62087741,0,6,157.39,2
2026-09-17T13:28:15.834376+00:00,7.24,6.16,5.36,62139531,0,7,88.05,2
2026-09-17T13:28:16.975850+00:00,6.90,6.11,5.35,62130618,0,4,68.99,2
2026-09-17T13:28:18.122759+00:00,6.90,6.11,5.35,62066132,0,7,112.86,2
2026-09-17T13:28:19.188631+00:00,6.90,6.11,5.35,61813436,0,11,212.65,2
2026-09-17T13:28:20.335272+00:00,6.90,6.11,5.35,61833723,0,9,238.52,2
2026-09-17T13:28:21.478172+00:00,6.83,6.10,5.36,61995871,0,7,146.73,2
2026-09-17T13:28:22.624395+00:00,6.83,6.10,5.36,62096612,0,7,122.45,2
2026-09-17T13:28:23.732824+00:00,6.83,6.10,5.36,62041582,0,8,198.95,2
2026-09-17T13:28:24.876234+00:00,6.83,6.10,5.36,62031754,0,11,222.59,2
2026-09-17T13:28:26.022605+00:00,6.83,6.10,5.36,62110986,0,4,70.54,2
2026-09-17T13:28:27.162395+00:00,6.44,6.04,5.34,62093491,0,7,124.12,2
2026-09-17T13:28:28.229621+00:00,6.44,6.04,5.34,62067745,0,8,199.06,2
2026-09-17T13:28:29.370834+00:00,6.44,6.04,5.34,62052472,0,8,201.59,2
2026-09-17T13:28:30.504955+00:00,6.44,6.04,5.34,61973163,0,11,238.58,2
2026-09-17T13:28:31.596943+00:00,6.17,5.99,5.32,62001559,0,7,148.73,2
2026-09-17T13:28:32.705517+00:00,6.17,5.99,5.32,62020352,0,11,206.78,2
2026-09-17T13:28:33.860679+00:00,6.17,5.99,5.32,62045393,0,5,72.49,2
2026-09-17T13:28:35.011981+00:00,6.17,5.99,5.32,62097304,0,7,124.62,2
2026-09-17T13:28:36.130012+00:00,6.17,5.99,5.32,62081541,0,7,149.14,2
2026-09-17T13:28:37.275093+00:00,6.31,6.02,5.34,62065999,0,7,149.52,2
2026-09-17T13:28:38.435264+00:00,6.31,6.02,5.34,61899333,0,8,194.14,2
2026-09-17T13:28:39.576905+00:00,6.31,6.02,5.34,61832387,0,11,208.42,2
2026-09-17T13:28:40.720979+00:00,6.31,6.02,5.34,61967999,0,8,203.21,2
2026-09-17T13:28:41.868261+00:00,6.29,6.02,5.34,62061657,0,11,224.7,2
2026-09-17T13:28:43.010009+00:00,6.29,6.02,5.34,62090536,0,7,149.89,2
2026-09-17T13:28:44.162388+00:00,6.29,6.02,5.34,62091955,0,7,150.27,2
2026-09-17T13:28:45.242920+00:00,6.29,6.02,5.34,62138626,0,7,150.27,2
2026-09-17T13:28:46.381031+00:00,6.29,6.02,5.34,62140801,0,8,201.31,2
2026-09-17T13:28:47.514213+00:00,6.18,6.00,5.34,62155424,0,7,150.64,2
2026-09-17T13:28:48.651091+00:00,6.18,6.00,5.34,62154546,0,7,150.64,2
2026-09-17T13:28:49.792974+00:00,6.18,6.00,5.34,62213693,0,4,40.23,2
2026-09-17T13:28:50.941133+00:00,6.18,6.00,5.34,62232668,0,6,100.2,2
2026-09-17T13:28:52.003926+00:00,6.09,5.98,5.34,62181597,0,6,91.52,2
2026-09-17T13:28:53.065982+00:00,6.09,5.98,5.34,62140759,0,6,96.62,2
2026-09-17T13:28:54.136936+00:00,6.09,5.98,5.34,62078629,0,7,168.13,2
2026-09-17T13:28:55.282111+00:00,6.09,5.98,5.34,62086843,0,7,126.12,2
2026-09-17T13:28:56.410338+00:00,6.09,5.98,5.34,62121642,0,6,108.57,2
2026-09-17T13:28:57.556767+00:00,5.76,5.92,5.32,62099255,0,7,168.91,2
2026-09-17T13:28:58.697177+00:00,5.76,5.92,5.32,62123251,0,6,102.03,2
2026-09-17T13:28:59.839433+00:00,5.76,5.92,5.32,62037090,0,7,168.71,2
2026-09-17T13:29:00.987046+00:00,5.76,5.92,5.32,62077770,0,6,92.38,2
2026-09-17T13:29:02.046328+00:00,6.18,6.00,5.35,62066834,0,6,126.16,2
2026-09-17T13:29:03.195044+00:00,6.18,6.00,5.35,62047739,0,10,199.01,2
2026-09-17T13:29:04.334103+00:00,6.18,6.00,5.35,62117729,0,6,91.1,2
2026-09-17T13:29:05.431097+00:00,6.18,6.00,5.35,62081518,0,6,124.47,2
2026-09-17T13:29:06.576362+00:00,5.77,5.92,5.33,62127218,0,4,48.82,2
2026-09-17T13:29:07.707282+00:00,5.77,5.92,5.33,62094503,0,6,114.76,2
2026-09-17T13:29:08.777120+00:00,5.77,5.92,5.33,61969157,0,10,198.7,2
2026-09-17T13:29:09.926810+00:00,5.77,5.92,5.33,61884660,0,10,202.36,2
2026-09-17T13:29:11.065045+00:00,5.77,5.92,5.33,61985574,0,10,190.86,2
2026-09-17T13:29:12.213630+00:00,5.62,5.89,5.32,62020812,0,10,199.35,2
2026-09-17T13:29:13.350178+00:00,5.62,5.89,5.32,62064122,0,7,169.3,2
2026-09-17T13:29:14.500719+00:00,5.62,5.89,5.32,62056893,0,10,189.3,2
2026-09-17T13:29:15.651204+00:00,5.62,5.89,5.32,61833965,0,10,191.38,2
2026-09-17T13:29:16.788707+00:00,5.25,5.81,5.30,61891868,0,6,126.01,2
2026-09-17T13:29:17.935511+00:00,5.25,5.81,5.30,61976023,0,10,186.35,2
2026-09-17T13:29:19.084876+00:00,5.25,5.81,5.30,62054579,0,10,184.22,2
2026-09-17T13:29:20.230841+00:00,5.25,5.81,5.30,62059864,0,10,189.82,2
2026-09-17T13:29:21.353733+00:00,5.25,5.81,5.30,62048413,0,10,195.95,2
2026-09-17T13:29:22.491520+00:00,5.23,5.79,5.30,62077941,0,6,76.05,2
2026-09-17T13:29:23.609328+00:00,5.23,5.79,5.30,62087919,0,6,115.45,2
2026-09-17T13:29:24.767077+00:00,5.23,5.79,5.30,62164819,0,6,117.63,2
2026-09-17T13:29:25.913916+00:00,5.23,5.79,5.30,61949585,0,10,204.82,2
2026-09-17T13:29:27.062523+00:00,4.97,5.73,5.28,61988590,0,10,195.46,2
2026-09-17T13:29:28.203644+00:00,4.97,5.73,5.28,62048192,0,7,174.1,2
2026-09-17T13:29:29.284018+00:00,4.97,5.73,5.28,62064587,0,10,204.82,2
2026-09-17T13:29:30.401652+00:00,4.97,5.73,5.28,62080400,0,7,129.48,2
2026-09-17T13:29:31.544853+00:00,5.06,5.73,5.28,62145544,0,6,129.48,2
2026-09-17T13:29:32.662025+00:00,5.06,5.73,5.28,62132856,0,10,200.8,2
2026-09-17T13:29:33.810177+00:00,5.06,5.73,5.28,62068232,0,10,198.23,2
2026-09-17T13:29:34.957551+00:00,5.06,5.73,5.28,62131199,0,6,129.48,2
2026-09-17T13:29:36.055954+00:00,5.06,5.73,5.28,62082961,0,6,129.48,2
2026-09-17T13:29:37.164358+00:00,5.13,5.74,5.29,62085721,0,6,107.98,2
2026-09-17T13:29:38.227283+00:00,5.13,5.74,5.29,62055446,0,7,175.7,2
2026-09-17T13:29:39.304409+00:00,5.13,5.74,5.29,62076452,0,7,172.89,2
2026-09-17T13:29:40.455828+00:00,5.13,5.74,5.29,62057292,0,7,175.0,2
2026-09-17T13:29:41.661302+00:00,4.96,5.69,5.27,62060071,0,10,186.83,2
2026-09-17T13:29:42.809317+00:00,4.96,5.69,5.27,62054652,0,7,183.33,2
2026-09-17T13:29:43.948670+00:00,4.96,5.69,5.27,62055168,0,7,180.69,2
2026-09-17T13:29:45.108688+00:00,4.96,5.69,5.27,62077545,0,6,130.26,2
2026-09-17T13:29:46.287869+00:00,4.96,5.69,5.27,62072884,0,7,130.26,2
2026-09-17T13:29:47.433063+00:00,5.21,5.73,5.29,62020013,0,15,299.34,2
2026-09-17T13:29:48.574859+00:00,5.21,5.73,5.29,62068860,0,7,130.26,2
2026-09-17T13:29:49.727543+00:00,5.21,5.73,5.29,62000138,0,18,337.39,2
2026-09-17T13:29:50.884062+00:00,5.21,5.73,5.29,62053491,0,6,130.26,2
2026-09-17T13:29:52.059205+00:00,5.83,5.85,5.33,62019603,0,18,303.35,2
2026-09-17T13:29:53.193369+00:00,5.83,5.85,5.33,62037881,0,9,270.62,2
2026-09-17T13:29:54.345352+00:00,5.83,5.85,5.33,62081745,0,6,130.26,2
2026-09-17T13:29:55.466591+00:00,5.83,5.85,5.33,62107059,0,6,115.5,2
2026-09-17T13:29:56.617762+00:00,6.16,5.92,5.35,62043153,0,10,199.8,2
2026-09-17T13:29:57.763836+00:00,6.16,5.92,5.35,62002333,0,10,197.09,2
2026-09-17T13:29:58.905106+00:00,6.16,5.92,5.35,62039960,0,6,110.68,2
2026-09-17T13:30:00.053466+00:00,6.16,5.92,5.35,62029108,0,7,176.91,2
2026-09-17T13:30:01.134719+00:00,6.16,5.92,5.35,61877224,0,7,169.29,2
2026-09-17T13:30:02.277989+00:00,6.07,5.91,5.35,61923497,0,6,125.88,2
2026-09-17T13:30:03.377521+00:00,6.07,5.91,5.35,61986119,0,6,127.0,2
2026-09-17T13:30:04.505405+00:00,6.07,5.91,5.35,61906902,0,6,126.44,2
2026-09-17T13:30:05.619289+00:00,6.07,5.91,5.35,61931217,0,7,169.79,2
2026-09-17T13:30:06.756101+00:00,5.74,5.84,5.33,61993288,0,6,114.28,2
2026-09-17T13:30:07.903486+00:00,5.74,5.84,5.33,62037397,0,6,129.28,2
2026-09-17T13:30:09.042009+00:00,5.74,5.84,5.33,62151397,0,6,129.65,2
2026-09-17T13:30:10.196571+00:00,5.74,5.84,5.33,62160009,0,6,129.65,2
2026-09-17T13:30:11.348348+00:00,5.74,5.84,5.33,62141899,0,6,129.65,2
2026-09-17T13:30:12.518764+00:00,6.25,5.94,5.37,62133755,0,6,129.65,2
2026-09-17T13:30:13.658407+00:00,6.25,5.94,5.37,62161612,0,6,127.43,2
2026-09-17T13:30:14.796003+00:00,6.25,5.94,5.37,62155806,0,6,129.91,2
2026-09-17T13:30:15.970452+00:00,6.25,5.94,5.37,62172356,0,7,173.29,2
2026-09-17T13:30:17.118641+00:00,6.23,5.94,5.37,62155440,0,6,130.28,2
2026-09-17T13:30:18.257130+00:00,6.23,5.94,5.37,62001237,0,6,88.71,2
2026-09-17T13:30:19.346470+00:00,6.23,5.94,5.37,62026330,0,6,124.72,2
2026-09-17T13:30:20.462366+00:00,6.23,5.94,5.37,62039124,0,8,215.96,2
2026-09-17T13:30:21.606323+00:00,6.37,5.98,5.39,61917285,0,7,174.14,2
2026-09-17T13:30:22.780539+00:00,6.37,5.98,5.39,61907477,0,6,129.97,2
2026-09-17T13:30:23.869087+00:00,6.37,5.98,5.39,61903779,0,6,119.38,2
2026-09-17T13:30:25.015934+00:00,6.37,5.98,5.39,61940587,0,6,129.35,2
2026-09-17T13:30:26.157137+00:00,6.37,5.98,5.39,62043754,0,6,88.04,2
2026-09-17T13:30:27.221870+00:00,6.50,6.01,5.40,62016336,0,6,127.48,2
2026-09-17T13:30:28.365834+00:00,6.50,6.01,5.40,61934015,0,8,216.37,2
2026-09-17T13:30:29.522596+00:00,6.50,6.01,5.40,61980979,0,7,172.91,2
2026-09-17T13:30:30.667832+00:00,6.50,6.01,5.40,61860787,0,10,194.52,2
2026-09-17T13:30:31.735348+00:00,6.38,6.00,5.40,61920509,0,6,129.73,2
2026-09-17T13:30:32.865804+00:00,6.38,6.00,5.40,61928229,0,8,217.65,2
2026-09-17T13:30:34.015189+00:00,6.38,6.00,5.40,62017776,0,6,103.77,2
2026-09-17T13:30:35.130265+00:00,6.38,6.00,5.40,62014393,0,6,128.37,2
2026-09-17T13:30:36.307590+00:00,6.38,6.00,5.40,61995110,0,8,172.64,2
2026-09-17T13:30:37.491064+00:00,6.59,6.05,5.42,61860882,0,7,129.49,2
2026-09-17T13:30:38.639825+00:00,6.59,6.05,5.42,61853023,0,10,197.55,2
2026-09-17T13:30:39.784422+00:00,6.59,6.05,5.42,61981446,0,7,173.09,2
2026-09-17T13:30:40.941485+00:00,6.59,6.05,5.42,61846758,0,6,129.49,2
2026-09-17T13:30:42.085499+00:00,6.46,6.03,5.42,61935450,0,6,93.28,2
2026-09-17T13:30:43.222050+00:00,6.46,6.03,5.42,61910529,0,6,127.06,2
2026-09-17T13:30:44.416601+00:00,6.46,6.03,5.42,61978305,0,8,216.83,2
2026-09-17T13:30:45.559996+00:00,6.46,6.03,5.42,62057087,0,6,129.31,2
2026-09-17T13:30:46.704395+00:00,6.18,5.98,5.40,62031997,0,7,182.69,2
2026-09-17T13:30:47.897699+00:00,6.18,5.98,5.40,62029518,0,7,129.31,2
2026-09-17T13:30:49.053253+00:00,6.18,5.98,5.40,61974118,0,6,129.31,2
2026-09-17T13:30:50.151249+00:00,6.18,5.98,5.40,62060773,0,6,115.07,2
2026-09-17T13:30:51.321686+00:00,6.18,5.98,5.40,62061898,0,7,172.2,2
2026-09-17T13:30:52.469200+00:00,6.09,5.96,5.40,62050540,0,7,129.32,2
2026-09-17T13:30:53.616150+00:00,6.09,5.96,5.40,62052294,0,6,129.32,2
2026-09-17T13:30:54.755102+00:00,6.09,5.96,5.40,62204578,0,6,86.0,2
2026-09-17T13:30:55.848102+00:00,6.09,5.96,5.40,62125287,0,6,124.72,2
2026-09-17T13:30:56.947314+00:00,5.68,5.88,5.38,62117215,0,6,125.79,2
2026-09-17T13:30:58.090590+00:00,5.68,5.88,5.38,62104382,0,6,129.77,2
2026-09-17T13:30:59.228466+00:00,5.68,5.88,5.38,62123036,0,6,129.77,2
2026-09-17T13:31:00.374627+00:00,5.68,5.88,5.38,62156947,0,6,129.77,2
2026-09-17T13:31:01.501228+00:00,5.87,5.91,5.39,62162307,0,6,129.77,2
2026-09-17T13:31:02.636619+00:00,5.87,5.91,5.39,62157178,0,6,105.38,2
2026-09-17T13:31:03.801080+00:00,5.87,5.91,5.39,62142297,0,6,129.74,2
2026-09-17T13:31:04.904875+00:00,5.87,5.91,5.39,62156613,0,6,129.74,2
2026-09-17T13:31:06.042632+00:00,5.87,5.91,5.39,62094172,0,6,129.74,2
2026-09-17T13:31:07.204030+00:00,5.80,5.90,5.39,62078156,0,6,130.49,2
2026-09-17T13:31:08.376335+00:00,5.80,5.90,5.39,62108104,0,5,77.58,2
2026-09-17T13:31:09.475802+00:00,5.80,5.90,5.39,62079249,0,6,126.07,2
2026-09-17T13:31:10.627258+00:00,5.80,5.90,5.39,61912741,0,10,201.38,2
2026-09-17T13:31:11.769015+00:00,6.37,6.02,5.43,61931357,0,10,204.41,2
2026-09-17T13:31:12.921822+00:00,6.37,6.02,5.43,61922300,0,10,194.64,2
2026-09-17T13:31:14.067750+00:00,6.37,6.02,5.43,61988420,0,10,191.96,2
2026-09-17T13:31:15.217971+00:00,6.37,6.02,5.43,62001715,0,7,177.69,2
2026-09-17T13:31:16.368479+00:00,6.37,6.02,5.43,62017676,0,10,185.67,2
2026-09-17T13:31:17.483293+00:00,6.83,6.12,5.47,61888367,0,6,128.33,2
2026-09-17T13:31:18.630137+00:00,6.83,6.12,5.47,61885230,0,10,195.08,2
2026-09-17T13:31:19.763957+00:00,6.83,6.12,5.47,61957023,0,10,194.51,2
2026-09-17T13:31:20.903550+00:00,6.83,6.12,5.47,62017712,0,10,195.74,2
2026-09-17T13:31:22.056187+00:00,6.60,6.08,5.46,62017307,0,10,204.14,2
2026-09-17T13:31:23.198255+00:00,6.60,6.08,5.46,62014095,0,7,171.81,2
2026-09-17T13:31:24.319080+00:00,6.60,6.08,5.46,62003271,0,10,199.25,2
2026-09-17T13:31:25.436698+00:00,6.60,6.08,5.46,62020185,0,7,172.38,2
2026-09-17T13:31:26.576754+00:00,6.47,6.06,5.45,62015786,0,10,186.45,2
2026-09-17T13:31:27.719477+00:00,6.47,6.06,5.45,61964991,0,10,194.59,2
2026-09-17T13:31:28.860600+00:00,6.47,6.06,5.45,61988510,0,10,195.11,2
2026-09-17T13:31:30.003515+00:00,6.47,6.06,5.45,62007869,0,10,196.15,2
2026-09-17T13:31:31.147749+00:00,6.47,6.06,5.45,62014548,0,10,195.29,2
2026-09-17T13:31:32.285501+00:00,6.35,6.04,5.45,62013849,0,10,196.5,2
2026-09-17T13:31:33.418693+00:00,6.35,6.04,5.45,62001573,0,10,196.43,2
2026-09-17T13:31:34.540501+00:00,6.35,6.04,5.45,62008213,0,10,204.35,2
2026-09-17T13:31:35.689993+00:00,6.35,6.04,5.45,62030791,0,10,193.77,2
2026-09-17T13:31:36.834278+00:00,6.08,5.99,5.44,62046849,0,6,128.7,2
2026-09-17T13:31:37.971896+00:00,6.08,5.99,5.44,61928517,0,10,204.96,2
2026-09-17T13:31:39.055338+00:00,6.08,5.99,5.44,62064704,0,6,128.7,2
2026-09-17T13:31:40.199762+00:00,6.08,5.99,5.44,62126193,0,6,117.36,2
2026-09-17T13:31:41.359156+00:00,6.08,5.99,5.44,62111022,0,10,200.71,2
2026-09-17T13:31:42.488144+00:00,6.08,5.99,5.44,62117354,0,10,204.32,2
2026-09-17T13:31:43.632167+00:00,6.08,5.99,5.44,62121061,0,10,190.59,2
2026-09-17T13:31:44.757937+00:00,6.08,5.99,5.44,62120588,0,10,192.62,2
2026-09-17T13:31:45.918094+00:00,6.08,5.99,5.44,62115864,0,7,169.54,2
2026-09-17T13:31:47.070382+00:00,5.91,5.96,5.43,62094544,0,10,192.43,2
2026-09-17T13:31:48.225532+00:00,5.91,5.96,5.43,62071994,0,10,191.71,2
2026-09-17T13:31:49.367337+00:00,5.91,5.96,5.43,62114849,0,7,177.28,2
2026-09-17T13:31:50.431992+00:00,5.91,5.96,5.43,61955173,0,7,178.62,2
2026-09-17T13:31:51.495719+00:00,5.84,5.95,5.43,61882157,0,10,193.61,2
2026-09-17T13:31:52.591887+00:00,5.84,5.95,5.43,61909020,0,10,198.79,2
2026-09-17T13:31:53.677003+00:00,5.84,5.95,5.43,61931504,0,10,197.89,2
2026-09-17T13:31:54.786585+00:00,5.84,5.95,5.43,61987082,0,7,171.11,2
2026-09-17T13:31:55.928312+00:00,5.84,5.95,5.43,61974504,0,10,194.71,2
2026-09-17T13:31:57.048180+00:00,6.57,6.10,5.48,61857844,0,10,194.16,2
2026-09-17T13:31:58.193009+00:00,6.57,6.10,5.48,61820792,0,10,194.0,2
2026-09-17T13:31:59.326751+00:00,6.57,6.10,5.48,61856497,0,10,194.11,2
2026-09-17T13:32:00.390027+00:00,6.57,6.10,5.48,61976878,0,10,184.14,2
2026-09-17T13:32:01.534329+00:00,6.52,6.09,5.49,62042278,0,6,115.22,2
2026-09-17T13:32:02.682032+00:00,6.52,6.09,5.49,62028439,0,10,194.37,2
2026-09-17T13:32:03.826051+00:00,6.52,6.09,5.49,61960467,0,10,197.58,2
2026-09-17T13:32:04.972393+00:00,6.52,6.09,5.49,61983865,0,10,200.79,2
2026-09-17T13:32:06.140740+00:00,6.52,6.09,5.49,62029897,0,10,181.67,2
2026-09-17T13:32:07.301134+00:00,6.32,6.06,5.48,62058128,0,6,126.84,2
2026-09-17T13:32:08.452764+00:00,6.32,6.06,5.48,61968336,0,10,192.99,2
2026-09-17T13:32:09.602589+00:00,6.32,6.06,5.48,61979088,0,10,193.69,2
2026-09-17T13:32:10.762213+00:00,6.32,6.06,5.48,62024924,0,10,192.81,2
2026-09-17T13:32:11.912565+00:00,6.54,6.11,5.50,62029761,0,10,201.0,2
2026-09-17T13:32:13.062251+00:00,6.54,6.11,5.50,61973710,0,10,193.32,2
2026-09-17T13:32:14.127721+00:00,6.54,6.11,5.50,61994017,0,10,188.4,2
2026-09-17T13:32:15.274175+00:00,6.54,6.11,5.50,62035923,0,7,171.44,2
2026-09-17T13:32:16.418576+00:00,6.54,6.11,5.50,62041086,0,10,192.72,2
2026-09-17T13:32:17.565273+00:00,6.41,6.09,5.49,62052672,0,10,184.18,2
2026-09-17T13:32:18.717954+00:00,6.41,6.09,5.49,62020764,0,7,170.27,2
2026-09-17T13:32:19.865131+00:00,6.41,6.09,5.49,61996827,0,10,201.61,2
2026-09-17T13:32:21.013233+00:00,6.41,6.09,5.49,62065895,0,7,170.34,2
2026-09-17T13:32:22.106185+00:00,6.06,6.02,5.47,62064457,0,10,180.37,2
2026-09-17T13:32:23.243600+00:00,6.06,6.02,5.47,62008487,0,10,194.39,2
2026-09-17T13:32:24.426328+00:00,6.06,6.02,5.47,62084547,0,12,200.7,2
2026-09-17T13:32:25.568421+00:00,6.06,6.02,5.47,62106235,0,12,200.66,2
2026-09-17T13:32:26.712798+00:00,5.73,5.95,5.46,62122791,0,10,198.36,2
2026-09-17T13:32:27.837926+00:00,5.73,5.95,5.46,62135658,0,10,206.69,2
2026-09-17T13:32:28.976877+00:00,5.73,5.95,5.46,62078976,0,6,112.43,2
2026-09-17T13:32:30.091720+00:00,5.73,5.95,5.46,62017034,0,10,201.06,2
2026-09-17T13:32:31.220915+00:00,5.73,5.95,5.46,62084653,0,7,170.25,2
2026-09-17T13:32:32.361652+00:00,5.76,5.95,5.46,62005528,0,10,193.22,2
2026-09-17T13:32:33.491558+00:00,5.76,5.95,5.46,62045618,0,10,198.88,2
2026-09-17T13:32:34.606763+00:00,5.76,5.95,5.46,62081144,0,10,201.93,2
2026-09-17T13:32:35.729676+00:00,5.76,5.95,5.46,62070480,0,6,127.81,2
2026-09-17T13:32:36.853893+00:00,5.54,5.91,5.45,61924840,0,10,198.88,2
2026-09-17T13:32:37.918148+00:00,5.54,5.91,5.45,61943825,0,10,198.51,2
2026-09-17T13:32:38.994260+00:00,5.54,5.91,5.45,62003803,0,10,179.09,2
2026-09-17T13:32:40.142591+00:00,5.54,5.91,5.45,62017127,0,10,191.46,2
2026-09-17T13:32:41.277873+00:00,5.54,5.91,5.45,62029049,0,10,192.21,2
2026-09-17T13:32:42.413515+00:00,5.49,5.89,5.44,62034362,0,10,193.89,2
2026-09-17T13:32:43.554051+00:00,5.49,5.89,5.44,62000086,0,10,191.8,2
2026-09-17T13:32:44.666713+00:00,5.49,5.89,5.44,61986624,0,10,194.32,2
2026-09-17T13:32:45.783636+00:00,5.49,5.89,5.44,62004794,0,10,200.43,2
2026-09-17T13:32:46.847388+00:00,5.37,5.86,5.43,62027938,0,7,178.98,2
2026-09-17T13:32:47.923167+00:00,5.37,5.86,5.43,62046964,0,7,170.4,2
2026-09-17T13:32:49.070255+00:00,5.37,5.86,5.43,62079683,0,7,113.51,2
2026-09-17T13:32:50.206985+00:00,5.37,5.86,5.43,62078353,0,7,93.08,2
2026-09-17T13:32:51.282312+00:00,5.37,5.86,5.43,62020628,0,7,126.87,2
2026-09-17T13:32:52.429916+00:00,5.26,5.83,5.43,61998007,0,11,192.0,2
2026-09-17T13:32:53.587588+00:00,5.26,5.83,5.43,62003875,0,11,200.98,2
2026-09-17T13:32:54.726359+00:00,5.26,5.83,5.43,62030063,0,11,191.3,2
2026-09-17T13:32:55.859199+00:00,5.26,5.83,5.43,62066401,0,8,128.37,2
2026-09-17T13:32:56.990702+00:00,5.00,5.76,5.41,62032251,0,11,207.92,2
2026-09-17T13:32:58.149400+00:00,5.00,5.76,5.41,62067695,0,8,171.91,2
2026-09-17T13:32:59.290737+00:00,5.00,5.76,5.41,62052381,0,11,193.54,2
2026-09-17T13:33:00.398980+00:00,5.00,5.76,5.41,62033055,0,11,198.12,2
2026-09-17T13:33:01.544626+00:00,4.84,5.72,5.40,62046622,0,11,193.64,2
2026-09-17T13:33:02.688033+00:00,4.84,5.72,5.40,62055892,0,11,193.69,2
2026-09-17T13:33:03.834023+00:00,4.84,5.72,5.40,62053815,0,11,197.73,2
2026-09-17T13:33:04.981126+00:00,4.84,5.72,5.40,62016981,0,12,236.02,2
2026-09-17T13:33:06.131043+00:00,4.84,5.72,5.40,62034481,0,11,202.92,2
2026-09-17T13:33:07.213788+00:00,5.09,5.76,5.41,61862334,0,11,194.92,2
2026-09-17T13:33:08.368719+00:00,5.09,5.76,5.41,61940697,0,8,171.55,2
2026-09-17T13:33:09.478730+00:00,5.09,5.76,5.41,62066660,0,7,117.37,2
2026-09-17T13:33:10.615365+00:00,5.09,5.76,5.41,62057599,0,11,199.47,2
2026-09-17T13:33:11.763805+00:00,5.25,5.78,5.42,61990486,0,11,204.98,2
2026-09-17T13:33:12.872082+00:00,5.25,5.78,5.42,61975629,0,8,179.85,2
2026-09-17T13:33:14.002806+00:00,5.25,5.78,5.42,62026336,0,11,193.27,2
2026-09-17T13:33:15.065213+00:00,5.25,5.78,5.42,62052442,0,8,180.04,2
2026-09-17T13:33:16.180655+00:00,5.25,5.78,5.42,61977921,0,11,195.78,2
2026-09-17T13:33:17.324955+00:00,4.99,5.71,5.40,61983627,0,12,233.94,2
2026-09-17T13:33:18.441965+00:00,4.99,5.71,5.40,62086052,0,11,195.22,2
2026-09-17T13:33:19.505268+00:00,4.99,5.71,5.40,62044930,0,11,207.49,2
2026-09-17T13:33:20.567706+00:00,4.99,5.71,5.40,62024542,0,6,127.39,2
2026-09-17T13:33:21.763553+00:00,5.15,5.74,5.41,62005545,0,6,130.02,2
2026-09-17T13:33:22.977262+00:00,5.15,5.74,5.41,62009662,0,8,130.02,2
2026-09-17T13:33:24.122356+00:00,5.15,5.74,5.41,62017528,0,6,130.39,2
2026-09-17T13:33:25.249871+00:00,5.15,5.74,5.41,62019700,0,7,182.83,2
2026-09-17T13:33:26.369798+00:00,5.15,5.74,5.41,62017287,0,10,198.35,2
2026-09-17T13:33:27.509598+00:00,4.89,5.67,5.39,62032473,0,7,176.74,2
2026-09-17T13:33:28.650617+00:00,4.89,5.67,5.39,61994856,0,7,187.94,2
2026-09-17T13:33:29.791396+00:00,4.89,5.67,5.39,62031821,0,10,201.01,2
2026-09-17T13:33:30.901528+00:00,4.89,5.67,5.39,62008368,0,7,186.67,2
2026-09-17T13:33:31.985850+00:00,4.66,5.61,5.37,62058548,0,7,130.77,2
2026-09-17T13:33:33.140648+00:00,4.66,5.61,5.37,61977635,0,10,205.12,2
2026-09-17T13:33:34.282352+00:00,4.66,5.61,5.37,61996884,0,10,200.09,2
2026-09-17T13:33:35.431796+00:00,4.66,5.61,5.37,62031047,0,7,177.82,2
2026-09-17T13:33:36.583086+00:00,4.53,5.57,5.36,62031604,0,6,130.77,2
2026-09-17T13:33:37.647140+00:00,4.53,5.57,5.36,62003980,0,10,206.41,2
2026-09-17T13:33:38.718156+00:00,4.53,5.57,5.36,62054990,0,7,130.77,2
2026-09-17T13:33:39.891184+00:00,4.53,5.57,5.36,62067315,0,7,130.77,2
2026-09-17T13:33:41.042394+00:00,4.53,5.57,5.36,62055016,0,7,177.52,2
2026-09-17T13:33:42.179232+00:00,4.65,5.58,5.36,62016648,0,6,130.77,2
2026-09-17T13:33:43.320845+00:00,4.65,5.58,5.36,62019157,0,10,201.64,2
2026-09-17T13:33:44.473144+00:00,4.65,5.58,5.36,62043922,0,7,178.29,2
2026-09-17T13:33:45.616133+00:00,4.65,5.58,5.36,62053639,0,10,193.73,2
2026-09-17T13:33:46.727637+00:00,4.68,5.57,5.36,61918926,0,7,131.14,2
2026-09-17T13:33:47.873048+00:00,4.68,5.57,5.36,61907930,0,10,199.66,2
2026-09-17T13:33:49.019421+00:00,4.68,5.57,5.36,61915288,0,10,200.37,2
2026-09-17T13:33:50.172011+00:00,4.68,5.57,5.36,61822598,0,7,179.28,2
2026-09-17T13:33:51.270044+00:00,4.68,5.57,5.36,61871547,0,10,200.01,2
2026-09-17T13:33:52.417649+00:00,4.78,5.57,5.36,61933470,0,10,192.22,2
2026-09-17T13:33:53.575004+00:00,4.78,5.57,5.36,61963227,0,6,131.52,2
2026-09-17T13:33:54.717528+00:00,4.78,5.57,5.36,61952233,0,6,131.52,2
2026-09-17T13:33:55.863499+00:00,4.78,5.57,5.36,62013050,0,7,131.52,2
2026-09-17T13:33:56.938526+00:00,4.80,5.56,5.36,62044062,0,7,179.68,2
2026-09-17T13:33:58.083572+00:00,4.80,5.56,5.36,62015227,0,10,203.66,2
2026-09-17T13:33:59.226138+00:00,4.80,5.56,5.36,62065111,0,10,196.51,2
2026-09-17T13:34:00.374100+00:00,4.80,5.56,5.36,62126868,0,7,179.91,2
2026-09-17T13:34:01.511667+00:00,4.80,5.56,5.36,62099427,0,6,131.52,2
2026-09-17T13:34:02.596475+00:00,5.22,5.64,5.39,62125076,0,7,180.0,2
2026-09-17T13:34:03.674557+00:00,5.22,5.64,5.39,62114574,0,10,192.67,2
2026-09-17T13:34:04.744721+00:00,5.22,5.64,5.39,62063817,0,10,194.91,2
2026-09-17T13:34:05.873457+00:00,5.22,5.64,5.39,62063613,0,7,180.24,2
2026-09-17T13:34:06.989293+00:00,5.04,5.59,5.37,62059253,0,6,92.03,2
2026-09-17T13:34:08.078362+00:00,5.04,5.59,5.37,62009354,0,7,178.14,2
2026-09-17T13:34:09.213383+00:00,5.04,5.59,5.37,62008423,0,10,198.61,2
2026-09-17T13:34:10.354267+00:00,5.04,5.59,5.37,62016970,0,10,202.75,2
2026-09-17T13:34:11.515940+00:00,5.04,5.59,5.37,62022931,0,10,196.53,2
2026-09-17T13:34:12.631000+00:00,5.68,5.72,5.41,62027730,0,6,127.88,2
2026-09-17T13:34:13.774458+00:00,5.68,5.72,5.41,62011576,0,10,193.91,2
2026-09-17T13:34:14.856304+00:00,5.68,5.72,5.41,62016563,0,10,198.59,2
2026-09-17T13:34:15.999837+00:00,5.68,5.72,5.41,62027609,0,6,127.88,2
2026-09-17T13:34:17.146164+00:00,6.50,5.89,5.47,62043669,0,7,171.25,2
2026-09-17T13:34:18.281603+00:00,6.50,5.89,5.47,61976478,0,10,208.26,2
2026-09-17T13:34:19.428179+00:00,6.50,5.89,5.47,61960779,0,10,193.39,2
2026-09-17T13:34:20.572387+00:00,6.50,5.89,5.47,61994786,0,10,194.11,2
2026-09-17T13:34:21.716348+00:00,6.22,5.84,5.46,62002723,0,10,194.41,2
2026-09-17T13:34:22.857013+00:00,6.22,5.84,5.46,62018651,0,7,171.51,2
2026-09-17T13:34:24.000333+00:00,6.22,5.84,5.46,61989305,0,6,127.88,2
2026-09-17T13:34:25.131863+00:00,6.22,5.84,5.46,61889865,0,10,185.7,2
2026-09-17T13:34:26.292387+00:00,6.22,5.84,5.46,61926400,0,10,193.19,2
2026-09-17T13:34:27.436857+00:00,5.88,5.77,5.44,61901746,0,10,194.23,2
2026-09-17T13:34:28.579146+00:00,5.88,5.77,5.44,61963433,0,10,195.61,2
2026-09-17T13:34:29.719278+00:00,5.88,5.77,5.44,61999711,0,10,199.72,2
2026-09-17T13:34:30.852669+00:00,5.88,5.77,5.44,62022881,0,10,195.92,2
2026-09-17T13:34:31.996312+00:00,5.89,5.78,5.44,62016841,0,10,195.25,2
2026-09-17T13:34:33.130683+00:00,5.89,5.78,5.44,62023004,0,7,172.21,2
2026-09-17T13:34:34.213939+00:00,5.89,5.78,5.44,62010288,0,10,193.21,2
2026-09-17T13:34:35.359457+00:00,5.89,5.78,5.44,62022244,0,7,179.88,2
2026-09-17T13:34:36.524414+00:00,5.89,5.78,5.44,62035345,0,7,171.98,2
2026-09-17T13:34:37.588590+00:00,5.82,5.77,5.44,62105569,0,6,127.88,2
2026-09-17T13:34:38.730181+00:00,5.82,5.77,5.44,62088581,0,6,127.88,2
2026-09-17T13:34:39.824206+00:00,5.82,5.77,5.44,62102591,0,10,184.55,2
2026-09-17T13:34:40.970823+00:00,5.82,5.77,5.44,62112941,0,10,192.78,2
2026-09-17T13:34:42.132761+00:00,5.60,5.72,5.43,62110567,0,10,194.12,2
2026-09-17T13:34:43.282234+00:00,5.60,5.72,5.43,62103107,0,10,195.23,2
2026-09-17T13:34:44.404434+00:00,5.60,5.72,5.43,62125773,0,7,127.88,2
2026-09-17T13:34:45.551626+00:00,5.60,5.72,5.43,62111547,0,10,185.72,2
2026-09-17T13:34:46.697174+00:00,5.31,5.66,5.41,62115839,0,10,191.29,2
2026-09-17T13:34:47.848459+00:00,5.31,5.66,5.41,62085401,0,10,185.25,2
2026-09-17T13:34:48.917940+00:00,5.31,5.66,5.41,62008692,0,6,127.88,2
2026-09-17T13:34:50.037512+00:00,5.31,5.66,5.41,62015782,0,10,193.56,2
2026-09-17T13:34:51.148836+00:00,5.31,5.66,5.41,62036616,0,10,196.71,2
2026-09-17T13:34:52.294001+00:00,5.20,5.63,5.40,62060113,0,7,172.58,2
2026-09-17T13:34:53.427478+00:00,5.20,5.63,5.40,62019983,0,6,127.88,2
2026-09-17T13:34:54.582551+00:00,5.20,5.63,5.40,62030779,0,10,185.91,2
2026-09-17T13:34:55.721027+00:00,5.20,5.63,5.40,62018690,0,10,194.06,2
2026-09-17T13:34:56.847959+00:00,4.95,5.57,5.38,61890680,0,7,172.36,2
2026-09-17T13:34:57.989666+00:00,4.95,5.57,5.38,61903128,0,10,193.4,2
2026-09-17T13:34:59.074708+00:00,4.95,5.57,5.38,61980437,0,6,127.88,2
2026-09-17T13:35:00.220023+00:00,4.95,5.57,5.38,61872298,0,10,196.64,2
2026-09-17T13:35:01.323914+00:00,4.95,5.57,5.38,61925012,0,10,197.18,2
2026-09-17T13:35:02.445520+00:00,6.47,5.87,5.48,61984564,0,7,174.21,2
2026-09-17T13:35:03.546280+00:00,6.47,5.87,5.48,61980474,0,6,127.88,2
2026-09-17T13:35:04.704118+00:00,6.47,5.87,5.48,61897344,0,7,128.25,2
2026-09-17T13:35:05.870512+00:00,6.47,5.87,5.48,61959603,0,7,173.26,2
2026-09-17T13:35:06.966537+00:00,6.27,5.84,5.47,62002603,0,7,173.76,2
2026-09-17T13:35:08.112953+00:00,6.27,5.84,5.47,62000350,0,10,197.64,2
2026-09-17T13:35:09.262176+00:00,6.27,5.84,5.47,62032994,0,6,128.25,2
2026-09-17T13:35:10.428480+00:00,6.27,5.84,5.47,62042649,0,7,173.35,2
2026-09-17T13:35:11.576530+00:00,6.41,5.88,5.49,62036989,0,10,195.19,2
2026-09-17T13:35:12.730414+00:00,6.41,5.88,5.49,62042824,0,10,196.76,2
2026-09-17T13:35:13.892241+00:00,6.41,5.88,5.49,61998142,0,7,128.25,2
2026-09-17T13:35:15.037550+00:00,6.41,5.88,5.49,62007894,0,7,175.5,2
2026-09-17T13:35:16.183306+00:00,6.41,5.88,5.49,62020284,0,10,194.67,2
2026-09-17T13:35:17.250357+00:00,6.30,5.87,5.48,61968263,0,10,197.88,2
2026-09-17T13:35:18.361316+00:00,6.30,5.87,5.48,61920927,0,10,202.61,2
2026-09-17T13:35:19.503100+00:00,6.30,5.87,5.48,61993009,0,6,128.25,2
2026-09-17T13:35:20.647169+00:00,6.30,5.87,5.48,62027646,0,6,128.25,2
2026-09-17T13:35:21.767168+00:00,6.27,5.87,5.49,62033737,0,7,175.3,2
2026-09-17T13:35:22.906329+00:00,6.27,5.87,5.49,62087512,0,10,194.7,2
2026-09-17T13:35:24.056046+00:00,6.27,5.87,5.49,62060492,0,10,198.3,2
2026-09-17T13:35:25.199084+00:00,6.27,5.87,5.49,62095885,0,10,197.76,2
2026-09-17T13:35:26.347333+00:00,6.27,5.87,5.49,62112708,0,10,199.8,2
2026-09-17T13:35:27.458172+00:00,5.93,5.80,5.47,62115175,0,10,198.57,2
2026-09-17T13:35:28.607394+00:00,5.93,5.80,5.47,62103522,0,10,196.57,2
2026-09-17T13:35:29.755699+00:00,5.93,5.80,5.47,62105994,0,10,197.05,2
2026-09-17T13:35:30.856148+00:00,5.93,5.80,5.47,62103801,0,10,202.56,2
2026-09-17T13:35:32.001100+00:00,5.62,5.74,5.45,62103548,0,10,203.12,2
2026-09-17T13:35:33.105613+00:00,5.62,5.74,5.45,62113340,0,10,203.12,2
2026-09-17T13:35:34.270223+00:00,5.62,5.74,5.45,61925222,0,10,193.25,2
2026-09-17T13:35:35.384440+00:00,5.62,5.74,5.45,61929233,0,10,195.48,2
2026-09-17T13:35:36.531338+00:00,5.62,5.74,5.45,61951356,0,7,175.15,2
2026-09-17T13:35:37.678980+00:00,5.49,5.71,5.44,62004700,0,10,197.72,2
2026-09-17T13:35:38.818802+00:00,5.49,5.71,5.44,61831124,0,10,203.11,2
2026-09-17T13:35:39.901431+00:00,5.49,5.71,5.44,61907768,0,10,203.5,2
2026-09-17T13:35:41.050138+00:00,5.49,5.71,5.44,61948960,0,10,199.41,2
2026-09-17T13:35:42.183185+00:00,5.37,5.68,5.43,62010837,0,7,175.55,2
2026-09-17T13:35:43.304178+00:00,5.37,5.68,5.43,62042595,0,6,128.63,2
2026-09-17T13:35:44.476388+00:00,5.37,5.68,5.43,62038046,0,7,175.09,2
2026-09-17T13:35:45.622166+00:00,5.37,5.68,5.43,61991314,0,10,202.92,2
2026-09-17T13:35:46.767354+00:00,5.10,5.62,5.42,61962075,0,10,197.78,2
2026-09-17T13:35:47.916011+00:00,5.10,5.62,5.42,61942682,0,6,128.63,2
2026-09-17T13:35:48.980374+00:00,5.10,5.62,5.42,61964236,0,6,128.63,2
2026-09-17T13:35:50.121030+00:00,5.10,5.62,5.42,62017464,0,6,122.03,2
2026-09-17T13:35:51.247154+00:00,5.10,5.62,5.42,62003687,0,10,204.28,2
2026-09-17T13:35:52.395600+00:00,5.01,5.59,5.41,62018824,0,10,198.63,2
2026-09-17T13:35:53.537314+00:00,5.01,5.59,5.41,62015103,0,10,199.95,2
2026-09-17T13:35:54.667057+00:00,5.01,5.59,5.41,62021930,0,10,184.71,2
2026-09-17T13:35:55.810377+00:00,5.01,5.59,5.41,62034901,0,6,126.8,2
2026-09-17T13:35:56.890662+00:00,4.69,5.52,5.38,62013654,0,7,126.8,2
2026-09-17T13:35:58.036921+00:00,4.69,5.52,5.38,62039626,0,7,170.17,2
2026-09-17T13:35:59.182511+00:00,4.69,5.52,5.38,61995811,0,10,204.11,2
2026-09-17T13:36:00.345436+00:00,4.69,5.52,5.38,62004135,0,10,191.98,2
2026-09-17T13:36:01.415458+00:00,4.69,5.52,5.38,62041724,0,7,170.98,2
2026-09-17T13:36:02.531965+00:00,5.03,5.57,5.40,62047370,0,7,170.75,2
2026-09-17T13:36:03.691760+00:00,5.03,5.57,5.40,62050093,0,7,171.18,2
2026-09-17T13:36:04.858280+00:00,5.03,5.57,5.40,62029307,0,7,171.33,2
2026-09-17T13:36:06.005046+00:00,5.03,5.57,5.40,62022492,0,7,181.4,2
2026-09-17T13:36:07.145818+00:00,4.95,5.55,5.40,62118756,0,6,128.3,2
2026-09-17T13:36:08.298314+00:00,4.95,5.55,5.40,62010617,0,3,40.23,2
2026-09-17T13:36:09.438766+00:00,4.95,5.55,5.40,62019817,0,6,119.26,2
2026-09-17T13:36:10.581362+00:00,4.95,5.55,5.40,62011670,0,7,180.77,2
2026-09-17T13:36:11.719018+00:00,5.68,5.69,5.44,62092416,0,6,130.89,2
2026-09-17T13:36:12.849049+00:00,5.68,5.69,5.44,61936923,0,7,130.89,2
2026-09-17T13:36:13.960072+00:00,5.68,5.69,5.44,61997037,0,6,130.89,2
2026-09-17T13:36:15.099495+00:00,5.68,5.69,5.44,61961712,0,7,187.68,2
2026-09-17T13:36:16.234062+00:00,5.68,5.69,5.44,61896365,0,10,195.11,2
2026-09-17T13:36:17.349843+00:00,5.78,5.71,5.45,61943352,0,10,197.95,2
2026-09-17T13:36:18.461668+00:00,5.78,5.71,5.45,61955103,0,10,196.96,2
2026-09-17T13:36:19.611636+00:00,5.78,5.71,5.45,61970933,0,10,206.22,2
2026-09-17T13:36:20.730918+00:00,5.78,5.71,5.45,62012736,0,10,196.59,2
2026-09-17T13:36:21.828973+00:00,6.44,5.85,5.50,61993636,0,10,202.19,2
2026-09-17T13:36:22.945166+00:00,6.44,5.85,5.50,62033060,0,7,130.89,2
2026-09-17T13:36:24.092160+00:00,6.44,5.85,5.50,62009413,0,10,198.49,2
2026-09-17T13:36:25.234943+00:00,6.44,5.85,5.50,62017386,0,10,196.03,2
2026-09-17T13:36:26.378123+00:00,6.44,5.85,5.50,62012607,0,10,196.66,2
2026-09-17T13:36:27.524508+00:00,6.33,5.83,5.49,62020875,0,10,196.87,2
2026-09-17T13:36:28.684003+00:00,6.33,5.83,5.49,62020147,0,10,202.5,2
2026-09-17T13:36:29.812541+00:00,6.33,5.83,5.49,61996510,0,7,174.2,2
2026-09-17T13:36:30.959246+00:00,6.33,5.83,5.49,62019013,0,10,187.9,2
2026-09-17T13:36:32.096202+00:00,6.14,5.80,5.49,62016186,0,10,196.79,2
2026-09-17T13:36:33.157050+00:00,6.14,5.80,5.49,62020955,0,10,201.93,2
2026-09-17T13:36:34.303402+00:00,6.14,5.80,5.49,62036464,0,6,131.26,2
2026-09-17T13:36:35.455091+00:00,6.14,5.80,5.49,62051745,0,6,116.76,2
2026-09-17T13:36:36.601076+00:00,6.21,5.82,5.49,62002951,0,10,202.8,2
2026-09-17T13:36:37.751196+00:00,6.21,5.82,5.49,62032803,0,7,173.57,2
2026-09-17T13:36:38.838836+00:00,6.21,5.82,5.49,62016511,0,7,173.57,2
2026-09-17T13:36:39.982771+00:00,6.21,5.82,5.49,62005503,0,10,199.52,2
2026-09-17T13:36:41.122270+00:00,6.21,5.82,5.49,61991506,0,10,207.05,2
2026-09-17T13:36:42.265874+00:00,6.11,5.81,5.49,62017891,0,10,196.54,2
2026-09-17T13:36:43.333182+00:00,6.11,5.81,5.49,62013856,0,7,174.44,2
2026-09-17T13:36:44.466341+00:00,6.11,5.81,5.49,62025681,0,7,182.34,2
2026-09-17T13:36:45.605079+00:00,6.11,5.81,5.49,62001968,0,10,192.73,2
2026-09-17T13:36:46.747352+00:00,5.78,5.75,5.47,61865738,0,10,197.1,2
2026-09-17T13:36:47.895328+00:00,5.78,5.75,5.47,61911071,0,10,185.6,2
2026-09-17T13:36:49.037756+00:00,5.78,5.75,5.47,61917588,0,7,174.36,2
2026-09-17T13:36:50.159160+00:00,5.78,5.75,5.47,61956732,0,7,131.39,2
2026-09-17T13:36:51.301464+00:00,5.78,5.75,5.47,62036434,0,10,196.25,2
2026-09-17T13:36:52.442344+00:00,5.88,5.77,5.48,61940584,0,10,187.77,2
2026-09-17T13:36:53.585460+00:00,5.88,5.77,5.48,61898158,0,10,196.23,2
2026-09-17T13:36:54.731644+00:00,5.88,5.77,5.48,61927621,0,10,198.78,2
2026-09-17T13:36:55.866935+00:00,5.88,5.77,5.48,62032071,0,6,131.39,2
2026-09-17T13:36:57.008397+00:00,5.49,5.69,5.46,62074459,0,10,192.13,2
2026-09-17T13:36:58.150227+00:00,5.49,5.69,5.46,62105940,0,10,196.96,2
2026-09-17T13:36:59.269792+00:00,5.49,5.69,5.46,62114457,0,10,196.64,2
2026-09-17T13:37:00.394296+00:00,5.49,5.69,5.46,62161045,0,6,116.05,2
2026-09-17T13:37:01.549585+00:00,5.49,5.69,5.46,62099597,0,10,198.59,2
2026-09-17T13:37:02.615249+00:00,5.61,5.71,5.46,62195393,0,0,0.0,2
2026-09-17T13:37:03.660903+00:00,5.61,5.71,5.46,62100577,0,0,0.0,2
